INSERT INTO projects (id, title, category, funding_goal, start_date, end_date) VALUES
(1, 'Help the aviary', 'chaity', 300.00, '2014-06-30', '2014-07-30'),
(2, 'My book on GOT', 'books', 80.00, '2014-01-01', '2015-01-01'),
(3, 'The next most romantic nobel', 'books', 7000.00, '2014-05-30', '2015-05-30'),
(4, 'Help me buy a car', 'charity', 800.00, '2014-03-14', '2014-06-30'),
(5, 'Help the zoo keeper', 'charity', 7000.00, '2014-03-20', '2014-09-20'),
(6, 'Help me buy a guitar', 'music', 100.00, '2014-12-30', '2015-12-30'),
(7, 'My dog got ran over by a car', 'charity', 3000.00, '2014-10-02', '2014-10-30'),
(8, 'I wanna visit 10 countries', 'charity', 900.00, '2014-06-30', '2015-06-31'),
(9, 'Help the cats of liberty', 'charity', 4000.00, '2014-06-30', '2014-09-30'),
(10, 'Help save the quails', 'charity', 500.00, '2012-03-20', '2013-06-30');

INSERT INTO users (id, name, age) VALUES (1, 'Maria', 22), (2, 'Eddo', 25), (3, 'Thom', 30), (4, 'Kate', 33),
(5, 'Lauren', 24), (6, 'Rikki', 29), (7, 'Emma', 19), (8, 'Victoria', 32), (9, 'Clark', 28), (10, 'Ryan', 30),
(11, 'Willo', 40), (12, 'Pedro', 28), (13, 'Tata', 14), (14, 'David', 36), (15, 'Cassy', 50), (16, 'Jemma', 55),
(17, 'Tyler', 32), (18, 'Sabrina', 29), (19, 'Jaime', 28), (20, 'Katie', 21);

INSERT INTO pledges (id, amount, user_id, project_id) VALUES
(1, 10.00, 1, 2), 
(2, 20.00, 1, 3), 
(3, 40.00, 1, 4), 
(4, 50.00, 2, 3), 
(5, 10.00, 3, 2), 
(6, 20.00, 4, 4), 
(7, 40.00, 5, 10), 
(8, 60.00, 6, 10), 
(9, 50.00, 7, 9), 
(10, 700.00, 8, 8), 
(11, 1000.00, 8, 7), 
(12, 40.00, 9, 6), 
(13, 50.00, 9, 3), 
(14, 50.00, 10, 4), 
(15, 24.00, 12, 1), 
(16, 34.00, 11, 1), 
(17, 12.00, 13, 6), 
(18, 19.00, 14, 5), 
(19, 20.00, 15, 5), 
(20, 40.00, 16, 6), 
(21, 35.50, 17, 7), 
(22, 40.00, 18, 8), 
(23, 60.00, 19, 9), 
(24, 70.00, 20, 10), 
(25, 100.00, 20, 4), 
(26, 40.00, 19, 1), 
(27, 20.00, 18, 6), 
(28, 90.00, 17, 9), 
(29, 230.00, 16, 6), 
(30, 450.00, 15, 5);
